,Neighborhood
11101,Northwest Queens
10018,Chelsea and Clinton
10025,Upper West Side
10466,Northeast Bronx
10301,Stapleton and St. George
11411,Southeast Queens
10033,Inwood and Washington Heights
10006,Lower Manhattan
11212,Central Brooklyn
11691,Rockaways
10044,Upper East Side
11206,Bushwick and Williamsburg
10007,Lower Manhattan
11373,West Queens
11694,Rockaways
10471,Kingsbridge and Riverdale
11209,Southwest Brooklyn
10075,Upper East Side
10472,Southeast Bronx
11419,Southwest Queens
11237,Bushwick and Williamsburg
10009,Lower East Side
11414,Southwest Queens
10034,Inwood and Washington Heights
11378,West Queens
11423,Jamaica
10469,Northeast Bronx
10309,South Shore
11433,Jamaica
10026,Central Harlem
11204,Borough Park
10458,Bronx Park and Fordham
11366,Central Queens
10028,Upper East Side
10451,High Bridge and Morrisania
11356,North Queens
11695,Rockaways
10453,Central Bronx
11412,Jamaica
11223,Southern Brooklyn
10467,Bronx Park and Fordham
10003,Lower East Side
10310,Port Richmond
10004,Lower Manhattan
11210,Flatbush
11208,East New York and New Lots
10038,Lower Manhattan
11359,North Queens
10465,Southeast Bronx
11228,Southwest Brooklyn
10027,Central Harlem
10462,Southeast Bronx
11239,Canarsie and Flatlands
11221,Bushwick and Williamsburg
10470,Northeast Bronx
11238,Central Brooklyn
10305,Stapleton and St. George
11217,Northwest Brooklyn
10459,Hunts Point and Mott Haven
10280,Lower Manhattan
10005,Lower Manhattan
11364,Northeast Queens
11436,Jamaica
10024,Upper West Side
11233,Central Brooklyn
10013,Greenwich Village and Soho
11434,Jamaica
11355,North Queens
11229,Southern Brooklyn
10475,Northeast Bronx
11426,Southeast Queens
11234,Canarsie and Flatlands
11420,Southwest Queens
10455,Hunts Point and Mott Haven
11104,Northwest Queens
10464,Southeast Bronx
11236,Canarsie and Flatlands
11361,Northeast Queens
10029,East Harlem
10454,Hunts Point and Mott Haven
10036,Chelsea and Clinton
11235,Southern Brooklyn
10065,Upper East Side
11360,North Queens
10307,South Shore
11207,East New York and New Lots
11367,Central Queens
11226,Flatbush
10302,Port Richmond
11415,Southwest Queens
11220,Sunset Park
10032,Inwood and Washington Heights
11418,Southwest Queens
10030,Central Harlem
10468,Bronx Park and Fordham
11697,Rockaways
11363,Northeast Queens
11219,Borough Park
11218,Borough Park
11231,Northwest Brooklyn
11365,Central Queens
11106,Northwest Queens
11377,West Queens
11230,Borough Park
11417,Southwest Queens
11427,Southeast Queens
10308,South Shore
10039,Central Harlem
11005,Southeast Queens
11102,Northwest Queens
11429,Southeast Queens
10456,High Bridge and Morrisania
10457,Central Bronx
10473,Southeast Bronx
10128,Upper East Side
10016,Gramercy Park and Murray Hill
11201,Northwest Brooklyn
11432,Jamaica
10031,Inwood and Washington Heights
11693,Rockaways
11379,West Central Queens
11357,North Queens
11374,West Central Queens
10012,Greenwich Village and Soho
11385,West Central Queens
10037,Central Harlem
10010,Gramercy Park and Murray Hill
11216,Central Brooklyn
10460,Central Bronx
10014,Greenwich Village and Soho
10022,Gramercy Park and Murray Hill
11362,Northeast Queens
10303,Port Richmond
10023,Upper West Side
10463,Kingsbridge and Riverdale
11004,Southeast Queens
10001,Chelsea and Clinton
11413,Southeast Queens
11416,Southwest Queens
10314,Mid-Island
11368,West Queens
11224,Southern Brooklyn
11692,Rockaways
10304,Stapleton and St. George
11222,Greenpoint
11372,West Queens
11354,North Queens
11370,West Queens
11375,West Central Queens
11205,Northwest Brooklyn
11213,Central Brooklyn
10019,Chelsea and Clinton
10040,Inwood and Washington Heights
10035,East Harlem
11358,North Queens
11215,Northwest Brooklyn
10474,Hunts Point and Mott Haven
11421,Southwest Queens
11103,Northwest Queens
11214,Southwest Brooklyn
11211,Greenpoint
10312,South Shore
10020,Chelsea and Clinton
11422,Southeast Queens
10002,Lower East Side
11232,Sunset Park
11203,Flatbush
10017,Gramercy Park and Murray Hill
11428,Southeast Queens
10306,South Shore
10021,Upper East Side
11435,Jamaica
11369,West Queens
11105,Northwest Queens
10011,Chelsea and Clinton
10461,Southeast Bronx
10452,High Bridge and Morrisania
11225,Flatbush
